url,export_last_crawled,export_validation_status,group,language,http_status,canonical,robots,in_sitemap,has_server_rendered_content,verified_inbound_from,live_technical_errors,checked_at_utc
https://messivsronaldo17.com/th/club-stats/2021-2022,2026-10-06,Failed,club-seasons,th,200,https://messivsronaldo17.com/th/club-stats/2021-2022,"index, follow, index, follow, max-video-preview:-1, max-image-preview:large, max-snippet:-1",True,True,/th/club-stats,,2026-10-07T10:28:40Z
https://messivsronaldo17.com/fr/club-stats/2025-2026,2026-10-06,Failed,club-seasons,fr,200,https://messivsronaldo17.com/fr/club-stats/2025-2026,"index, follow, index, follow, max-video-preview:-1, max-image-preview:large, max-snippet:-1",True,True,/fr/club-stats; /fr/seasons,,2026-10-07T10:28:40Z
https://messivsronaldo17.com/ar/seasons/2023,2026-10-06,Failed,calendar-years,ar,200,https://messivsronaldo17.com/ar/seasons/2023,"index, follow, index, follow, max-video-preview:-1, max-image-preview:large, max-snippet:-1",True,True,/ar/seasons,,2026-10-07T10:28:40Z
https://messivsronaldo17.com/es/seasons/2026,2026-10-06,Failed,calendar-years,es,200,https://messivsronaldo17.com/es/seasons/2026,"index, follow, index, follow, max-video-preview:-1, max-image-preview:large, max-snippet:-1",True,True,/es/seasons,,2026-10-07T10:28:40Z
https://messivsronaldo17.com/de/club-stats/2010-2011,2026-10-06,Failed,club-seasons,de,200,https://messivsronaldo17.com/de/club-stats/2010-2011,"index, follow, index, follow, max-video-preview:-1, max-image-preview:large, max-snippet:-1",True,True,/de/club-stats; /de/seasons,,2026-10-07T10:28:40Z
https://messivsronaldo17.com/ar/club-stats/2025-2026,2026-10-06,Failed,club-seasons,ar,200,https://messivsronaldo17.com/ar/club-stats/2025-2026,"index, follow, index, follow, max-video-preview:-1, max-image-preview:large, max-snippet:-1",True,True,/ar/club-stats; /ar/seasons,,2026-10-07T10:28:40Z
https://messivsronaldo17.com/ar/seasons/2010,2026-10-06,Failed,calendar-years,ar,200,https://messivsronaldo17.com/ar/seasons/2010,"index, follow, index, follow, max-video-preview:-1, max-image-preview:large, max-snippet:-1",True,True,/ar/seasons,,2026-10-07T10:28:40Z
https://messivsronaldo17.com/ar/milestone-planner,2026-10-06,Failed,other,ar,200,https://messivsronaldo17.com/ar/milestone-planner,"index, follow, index, follow, max-video-preview:-1, max-image-preview:large, max-snippet:-1",True,True,/ar/tools,,2026-10-07T10:28:40Z
https://messivsronaldo17.com/de/club-stats/2006-2007,2026-10-05,Failed,club-seasons,de,200,https://messivsronaldo17.com/de/club-stats/2006-2007,"index, follow, index, follow, max-video-preview:-1, max-image-preview:large, max-snippet:-1",True,True,/de/club-stats; /de/seasons,,2026-10-07T10:28:40Z
https://messivsronaldo17.com/de/seasons/2026,2026-10-05,Failed,calendar-years,de,200,https://messivsronaldo17.com/de/seasons/2026,"index, follow, index, follow, max-video-preview:-1, max-image-preview:large, max-snippet:-1",True,True,/de/seasons,,2026-10-07T10:28:40Z
https://messivsronaldo17.com/pt/seasons/2007,2026-10-05,Failed,calendar-years,pt,200,https://messivsronaldo17.com/pt/seasons/2007,"index, follow, index, follow, max-video-preview:-1, max-image-preview:large, max-snippet:-1",True,True,/pt/seasons,,2026-10-07T10:28:40Z
https://messivsronaldo17.com/hi/club-stats/2017-2018,2026-10-05,Failed,club-seasons,hi,200,https://messivsronaldo17.com/hi/club-stats/2017-2018,"index, follow, index, follow, max-video-preview:-1, max-image-preview:large, max-snippet:-1",True,True,/hi/club-stats,,2026-10-07T10:28:40Z
https://messivsronaldo17.com/ar/club-stats/2006-2007,2026-10-05,Failed,club-seasons,ar,200,https://messivsronaldo17.com/ar/club-stats/2006-2007,"index, follow, index, follow, max-video-preview:-1, max-image-preview:large, max-snippet:-1",True,True,/ar/club-stats; /ar/seasons,,2026-10-07T10:28:40Z
https://messivsronaldo17.com/de/seasons/2020,2026-10-05,Failed,calendar-years,de,200,https://messivsronaldo17.com/de/seasons/2020,"index, follow, index, follow, max-video-preview:-1, max-image-preview:large, max-snippet:-1",True,True,/de/seasons,,2026-10-07T10:28:40Z
https://messivsronaldo17.com/vote,2026-10-05,Failed,other,en,200,https://messivsronaldo17.com/vote,"index, follow, index, follow, max-video-preview:-1, max-image-preview:large, max-snippet:-1",True,True,/; /tools,,2026-10-07T10:28:40Z
https://messivsronaldo17.com/ar/club-stats/2018-2019,2026-10-05,Failed,club-seasons,ar,200,https://messivsronaldo17.com/ar/club-stats/2018-2019,"index, follow, index, follow, max-video-preview:-1, max-image-preview:large, max-snippet:-1",True,True,/ar/club-stats; /ar/seasons,,2026-10-07T10:28:40Z
https://messivsronaldo17.com/hi/tools,2026-10-05,Failed,other,hi,200,https://messivsronaldo17.com/hi/tools,"index, follow, index, follow, max-video-preview:-1, max-image-preview:large, max-snippet:-1",True,True,/ar/tools; /hi; /tools,,2026-10-07T10:28:40Z
https://messivsronaldo17.com/hi/club-stats/2021-2022,2026-10-05,Failed,club-seasons,hi,200,https://messivsronaldo17.com/hi/club-stats/2021-2022,"index, follow, index, follow, max-video-preview:-1, max-image-preview:large, max-snippet:-1",True,True,/hi/club-stats,,2026-10-07T10:28:40Z
https://messivsronaldo17.com/de/seasons/2011,2026-10-05,Failed,calendar-years,de,200,https://messivsronaldo17.com/de/seasons/2011,"index, follow, index, follow, max-video-preview:-1, max-image-preview:large, max-snippet:-1",True,True,/de/seasons,,2026-10-07T10:28:40Z
https://messivsronaldo17.com/hi/club-stats/2012-2013,2026-10-05,Failed,club-seasons,hi,200,https://messivsronaldo17.com/hi/club-stats/2012-2013,"index, follow, index, follow, max-video-preview:-1, max-image-preview:large, max-snippet:-1",True,True,/hi/club-stats,,2026-10-07T10:28:40Z
https://messivsronaldo17.com/pt/seasons/2022,2026-10-05,Failed,calendar-years,pt,200,https://messivsronaldo17.com/pt/seasons/2022,"index, follow, index, follow, max-video-preview:-1, max-image-preview:large, max-snippet:-1",True,True,/pt/seasons,,2026-10-07T10:28:40Z
https://messivsronaldo17.com/ar/club-stats/2019-2020,2026-10-05,Failed,club-seasons,ar,200,https://messivsronaldo17.com/ar/club-stats/2019-2020,"index, follow, index, follow, max-video-preview:-1, max-image-preview:large, max-snippet:-1",True,True,/ar/club-stats; /ar/seasons,,2026-10-07T10:28:40Z
https://messivsronaldo17.com/ar/seasons/2007,2026-10-05,Failed,calendar-years,ar,200,https://messivsronaldo17.com/ar/seasons/2007,"index, follow, index, follow, max-video-preview:-1, max-image-preview:large, max-snippet:-1",True,True,/ar/seasons,,2026-10-07T10:28:40Z
https://messivsronaldo17.com/es/club-stats/2018-2019,2026-10-05,Failed,club-seasons,es,200,https://messivsronaldo17.com/es/club-stats/2018-2019,"index, follow, index, follow, max-video-preview:-1, max-image-preview:large, max-snippet:-1",True,True,/es/club-stats; /es/seasons,,2026-10-07T10:28:40Z
https://messivsronaldo17.com/hi/privacy,2026-10-05,Failed,other,hi,200,https://messivsronaldo17.com/hi/privacy,"index, follow, index, follow, max-video-preview:-1, max-image-preview:large, max-snippet:-1",True,True,/hi; /hi/club-stats; /hi/tools,,2026-10-07T10:28:40Z
https://messivsronaldo17.com/ar/seasons/2018,2026-10-05,Failed,calendar-years,ar,200,https://messivsronaldo17.com/ar/seasons/2018,"index, follow, index, follow, max-video-preview:-1, max-image-preview:large, max-snippet:-1",True,True,/ar/seasons,,2026-10-07T10:28:40Z
https://messivsronaldo17.com/th/club-stats/2008-2009,2026-10-05,Failed,club-seasons,th,200,https://messivsronaldo17.com/th/club-stats/2008-2009,"index, follow, index, follow, max-video-preview:-1, max-image-preview:large, max-snippet:-1",True,True,/th/club-stats,,2026-10-07T10:28:40Z
https://messivsronaldo17.com/de/club-stats/2017-2018,2026-10-05,Failed,club-seasons,de,200,https://messivsronaldo17.com/de/club-stats/2017-2018,"index, follow, index, follow, max-video-preview:-1, max-image-preview:large, max-snippet:-1",True,True,/de/club-stats; /de/seasons,,2026-10-07T10:28:40Z
https://messivsronaldo17.com/es/club-stats/2011-2012,2026-10-05,Failed,club-seasons,es,200,https://messivsronaldo17.com/es/club-stats/2011-2012,"index, follow, index, follow, max-video-preview:-1, max-image-preview:large, max-snippet:-1",True,True,/es/club-stats; /es/seasons,,2026-10-07T10:28:40Z
https://messivsronaldo17.com/tools,2026-10-05,Failed,other,en,200,https://messivsronaldo17.com/tools,"index, follow, index, follow, max-video-preview:-1, max-image-preview:large, max-snippet:-1",True,True,/; /ar/tools; /hi/tools,,2026-10-07T10:28:40Z
https://messivsronaldo17.com/de/club-stats/2014-2015,2026-10-02,Failed,club-seasons,de,200,https://messivsronaldo17.com/de/club-stats/2014-2015,"index, follow, index, follow, max-video-preview:-1, max-image-preview:large, max-snippet:-1",True,True,/de/club-stats; /de/seasons,,2026-10-07T10:28:40Z
https://messivsronaldo17.com/de/credits,2026-09-29,Failed,other,de,200,https://messivsronaldo17.com/de/credits,"index, follow, index, follow, max-video-preview:-1, max-image-preview:large, max-snippet:-1",True,True,/de; /de/club-stats; /de/seasons,,2026-10-07T10:28:40Z
https://messivsronaldo17.com/fr/seasons/2004,2026-09-29,Failed,calendar-years,fr,200,https://messivsronaldo17.com/fr/seasons/2004,"index, follow, index, follow, max-video-preview:-1, max-image-preview:large, max-snippet:-1",True,True,/fr/seasons,,2026-10-07T10:28:40Z
