Order,Priority,Path,Clicks,Impressions,CTR,Average position,Action,Evidence,Exact next step,Expected impact,Data period,Status
1,P1,/nl/insights/ballon-dor-2026-date-voting-rules,3,670,0.45%,8.34,Improve date-intent presentation,670 impressions with 0.45% CTR; two exact Dutch date queries separately total 349 impressions and no clicks,"Implemented a Dutch date-question title, sourced 26 October/London description and visible answer above the cover; deploy and compare complete equal periods with page-filtered queries.",Earlier answer access and potentially more relevant snippets; no uplift estimate,2026-09-20 through 2026-10-04; Web; supplied dates only,Implemented locally 2026-10-07; production and CTR validation pending
2,P1,/insights/messi-2012-vs-ronaldo-2013-goals,5,976,0.51%,8.23,Improve peak-year presentation,Highest-impression exported URL; 976 impressions and 0.51% CTR,"Implemented a focused title, direct 91-versus-69 calendar-year answer and UEFA-sourced rate table with reproducible CSV; deploy and evaluate page-filtered CTR and calculator use.",Clearer comparison intent and useful calculator visits,2026-09-20 through 2026-10-04; Web; supplied dates only,Implemented locally 2026-10-07; production and CTR validation pending
3,P1,/la-liga,1,465,0.22%,7.67,Validate snippet and query fit,465 impressions and 0.22% CTR despite an existing direct goal-count answer,Inspect page-filtered queries and actual snippets by country/device before changing the already relevant title. Keep lifetime and shared-Spain periods distinct.,Identify intent or presentation gaps without discarding a correct answer,2026-09-20 through 2026-10-04; Web; supplied dates only,Evidence-based queue; earlier metadata/layout/link fixes implemented locally; no deployment
4,P1,/fr/free-kicks,0,313,0%,6.45,Clarify French record and explanation roles,313 impressions and no clicks; the French companion article separately has 327 impressions and 2 clicks,Designate the record page for current counts; link the explainer to it using descriptive French wording. Check query-by-page data before any consolidation.,Relevant onward reading; validate possible overlap,2026-09-20 through 2026-10-04; Web; supplied dates only,Evidence-based queue; earlier metadata/layout/link fixes implemented locally; no deployment
5,P1,/international,0,215,0%,7.98,Improve access to international assists,215 impressions and no clicks; five international-assist query variants separately have 105 impressions and no clicks,"Implemented visible goal/assist totals, a sourced Ronaldo international-assist question and an answers-directory entry in nine languages; cutoffs and provider definitions remain explicit.",Answer a narrow observed statistics question,2026-09-20 through 2026-10-04; Web; supplied dates only,Implemented locally 2026-10-07; production and CTR validation pending
6,P1,/pt/goals,5,421,1.19%,9.13,Strengthen Portuguese career-goal navigation,421 impressions; 5 clicks; comparison-goal queries are visible,Maintain current comparison totals and dated scope; connect Portuguese player profiles to the comparison. Use natural golos wording for Portugal while retaining other Portuguese readers.,Clearer comparison versus player intent,2026-09-20 through 2026-10-04; Web; supplied dates only,Evidence-based queue; earlier metadata/layout/link fixes implemented locally; no deployment
7,P1,/de/free-kicks,9,382,2.36%,7.31,Maintain and refine a working narrow topic,382 impressions and 9 clicks; German Messi free-kick queries have clicks,Preserve the record-first title and dated answer. Maintain verified coverage and link supporting analysis; avoid rewriting merely because another language has lower CTR.,Protect existing traffic and improve exploration,2026-09-20 through 2026-10-04; Web; supplied dates only,Evidence-based queue; earlier metadata/layout/link fixes implemented locally; no deployment
8,P1,/fr/insights/kane-vs-mbappe-ballon-dor-2026-stats,20,228,8.77%,4,Protect a leading article,20 clicks from 228 impressions; 8.77% CTR,Preserve the working title and URL; review sources and award-period scope at material announcements. Keep links to the ceremony guide and contender comparison.,Retain valuable seasonal visits and offer relevant next reading,2026-09-20 through 2026-10-04; Web; supplied dates only,Evidence-based queue; earlier metadata/layout/link fixes implemented locally; no deployment
9,P1,/es/insights/kane-vs-mbappe-ballon-dor-2026-stats,20,211,9.48%,4.68,Protect a leading article,20 clicks from 211 impressions; 9.48% CTR,Preserve the working title and URL; maintain source-backed Spanish copy and links to the localized ceremony and contender guides.,Retain valuable seasonal visits and offer relevant next reading,2026-09-20 through 2026-10-04; Web; supplied dates only,Evidence-based queue; earlier metadata/layout/link fixes implemented locally; no deployment
10,P1,/fr/insights/ballon-dor-2026-contenders-stats,13,409,3.18%,7.55,Maintain contender evidence,13 clicks from 409 impressions; French award-stat queries are visible,Retain the current evidence and links; distinguish editorial comparison from official voting results and label all competition periods.,Maintain useful award analysis without unsupported ranking claims,2026-09-20 through 2026-10-04; Web; supplied dates only,Evidence-based queue; earlier metadata/layout/link fixes implemented locally; no deployment
11,P2,/,22,198,11.11%,4.65,Maintain the broad entry point,22 clicks from 198 impressions; exact head terms separately average positions 59 to 75 with tiny samples,Keep the homepage as the primary broad comparison; stabilize mobile ad placement and improve relevant onward links. Do not infer head-term rankings from its page average.,Better landing experience; longer-term competitive positioning,2026-09-20 through 2026-10-04; Web; supplied dates only,Evidence-based queue; earlier metadata/layout/link fixes implemented locally; no deployment
12,P2,/insights/what-counts-as-a-career-goal,0,357,0%,7.04,Inspect definition intent,357 impressions and no clicks,Review page-filtered queries before title changes; retain the existing direct definition and link to dated totals.,Find a plausible definition or snippet mismatch,2026-09-20 through 2026-10-04; Web; supplied dates only,Evidence-based queue; earlier metadata/layout/link fixes implemented locally; no deployment
13,P2,/pt/players/messi,1,223,0.45%,11.5,Improve single-player discovery,223 impressions; one click; messi golos query separately has 112 impressions,Keep player totals separate from the two-player comparison and offer clear links to career goals.,Better navigation for single-player intent,2026-09-20 through 2026-10-04; Web; supplied dates only,Evidence-based queue; earlier metadata/layout/link fixes implemented locally; no deployment
14,P2,/ar/2026,4,199,2.01%,5.29,Maintain year-versus-career boundaries,199 impressions and 4 clicks; current-year Arabic queries are visible,Keep current-year performance on this page; send career-total questions to Arabic goals and preserve the explicit cutoff.,Accurate current-year intent,2026-09-20 through 2026-10-04; Web; supplied dates only,Evidence-based queue; earlier metadata/layout/link fixes implemented locally; no deployment
15,P2,/insights/messi-ronaldo-penalty-records,0,158,0%,8.16,Validate penalty explainer intent,158 impressions and no clicks,Distinguish methodology and record history from the live penalty table; validate query overlap before any merging.,Useful supporting content and clearer next step,2026-09-20 through 2026-10-04; Web; supplied dates only,Evidence-based queue; earlier metadata/layout/link fixes implemented locally; no deployment
16,P2,/seasons/2017,1,103,0.97%,8.82,Maintain archive and article roles,103 impressions and one click; companion calendar-year article has 126 impressions and two clicks,Keep calendar year distinct from 2017/18 club season and link each archive to the relevant analysis.,Reduce scope confusion,2026-09-20 through 2026-10-04; Web; supplied dates only,Evidence-based queue; earlier metadata/layout/link fixes implemented locally; no deployment
