Keyword,Recommended page,Primary or secondary,Intent,Search stage,Business value judgment,Difficulty judgment not tool score,Priority,Related entities,Historical sample impressions,Historical sample clicks,Search volume,Evidence,Current export start,Current export end,Current export query present,Current query clicks,Current query impressions,Current query CTR,Current query average position,Mapping evidence
messi vs ronaldo,/,Primary,Informational comparison,Discover,High,Very high,P2,Messi; Ronaldo; career statistics,5,0,NEEDS USER INPUT,Saved GSC sample 2026-09-28; reporting period unknown,2026-09-20,2026-10-04,Yes,0,6,0%,59.17,Recommended intent destination; separate exports do not establish a query-to-page relationship
ronaldo vs messi,/,Secondary,Informational comparison,Discover,High,Very high,P2,Messi; Ronaldo,1,0,NEEDS USER INPUT,Saved GSC sample 2026-09-28; reporting period unknown,2026-09-20,2026-10-04,Yes,0,4,0%,74.75,Recommended intent destination; separate exports do not establish a query-to-page relationship
messivsronaldo,/,Secondary,Navigational ambiguous brand,Discover,Medium,High,P2,The Rivalry; competing sites,11,0,NEEDS USER INPUT,Saved GSC sample 2026-09-28; reporting period unknown,2026-09-20,2026-10-04,Yes,0,33,0%,10.67,Recommended intent destination; separate exports do not establish a query-to-page relationship
the rivalry messi ronaldo,/,Secondary,Navigational,Return,High,Low,P2,The Rivalry,,,NEEDS USER INPUT,Candidate from site topic and observed search intent; demand unverified,2026-09-20,2026-10-04,No row in supplied query table; demand unknown,,,,,Recommended intent destination; separate exports do not establish a query-to-page relationship
messi vs ronaldo career goals,/goals,Primary,Informational comparison,Explore,High,High,P1,Senior goals; club; international,,,NEEDS USER INPUT,Candidate from site topic and observed search intent; demand unverified,2026-09-20,2026-10-04,No row in supplied query table; demand unknown,,,,,Recommended intent destination; separate exports do not establish a query-to-page relationship
who has more goals messi or ronaldo,/goals,Secondary,Informational question,Explore,High,High,P1,Career goals; cutoff,,,NEEDS USER INPUT,Candidate from site topic and observed search intent; demand unverified,2026-09-20,2026-10-04,No row in supplied query table; demand unknown,,,,,Recommended intent destination; separate exports do not establish a query-to-page relationship
messi vs ronaldo non penalty goals,/penalties,Secondary,Informational comparison,Explore,High,High,P1,Non-penalty goals; shootouts,,,NEEDS USER INPUT,Candidate from site topic and observed search intent; demand unverified,2026-09-20,2026-10-04,No row in supplied query table; demand unknown,,,,,Recommended intent destination; separate exports do not establish a query-to-page relationship
messi vs ronaldo assists,/assists,Primary,Informational comparison,Explore,High,High,P1,Assists; goal contributions,,,NEEDS USER INPUT,Candidate from site topic and observed search intent; demand unverified,2026-09-20,2026-10-04,No row in supplied query table; demand unknown,,,,,Recommended intent destination; separate exports do not establish a query-to-page relationship
why do messi and ronaldo assist totals differ,/insights/why-assist-totals-differ,Primary,Informational problem,Understand,High,Medium,P1,UEFA; assist definitions; providers,,,NEEDS USER INPUT,Candidate from site topic and observed search intent; demand unverified,2026-09-20,2026-10-04,No row in supplied query table; demand unknown,,,,,Recommended intent destination; separate exports do not establish a query-to-page relationship
zählt elfmeter rausholen als assist,/de/insights/why-assist-totals-differ,Secondary,Informational question,Understand,Medium,Medium,P1,Penalty won; assist definition,1,0,NEEDS USER INPUT,Saved GSC sample 2026-09-28; reporting period unknown,2026-09-20,2026-10-04,Yes,0,1,0%,11,Recommended intent destination; separate exports do not establish a query-to-page relationship
messi vs ronaldo free kick goals,/free-kicks,Primary,Informational comparison,Explore,High,High,P1,Direct free kicks,6,0,NEEDS USER INPUT,Saved GSC sample 2026-09-28; reporting period unknown,2026-09-20,2026-10-04,Yes,0,9,0%,7.11,Recommended intent destination; separate exports do not establish a query-to-page relationship
messi vs ronaldo free kick,/free-kicks,Secondary,Informational comparison,Explore,High,High,P1,Direct free kicks,3,0,NEEDS USER INPUT,Saved GSC sample 2026-09-28; reporting period unknown,2026-09-20,2026-10-04,Yes,0,3,0%,5.33,Recommended intent destination; separate exports do not establish a query-to-page relationship
messi freistoßtore,/de/free-kicks,Secondary,Informational,Explore,High,Medium,P1,Messi; Freistoßtore,8,0,NEEDS USER INPUT,Saved GSC sample 2026-09-28; reporting period unknown,2026-09-20,2026-10-04,Yes,0,18,0%,9,Recommended intent destination; separate exports do not establish a query-to-page relationship
wie viele freistoßtore hat messi,/de/free-kicks,Secondary,Informational question,Explore,High,Medium,P1,Messi; Freistoßtore,6,0,NEEDS USER INPUT,Saved GSC sample 2026-09-28; reporting period unknown,2026-09-20,2026-10-04,Yes,2,75,2.67%,7.03,Recommended intent destination; separate exports do not establish a query-to-page relationship
nombre de coup franc marqué par messi et ronaldo,/fr/free-kicks,Primary,Informational question,Explore,High,Medium,P1,Messi; Ronaldo; coups francs,17,0,NEEDS USER INPUT,Saved GSC sample 2026-09-28; reporting period unknown,2026-09-20,2026-10-04,Yes,1,122,0.82%,5.92,Recommended intent destination; separate exports do not establish a query-to-page relationship
messi vs ronaldo penalty stats,/penalties,Primary,Informational comparison,Explore,High,High,P1,Penalties; attempts; conversion,3,0,NEEDS USER INPUT,Saved GSC sample 2026-09-28; reporting period unknown,2026-09-20,2026-10-04,Yes,0,14,0%,8.79,Recommended intent destination; separate exports do not establish a query-to-page relationship
messi vs ronaldo penalty conversion rate,/penalties,Secondary,Informational question,Understand,High,Medium,P1,Conversion percentage; shootouts,,,NEEDS USER INPUT,Candidate from site topic and observed search intent; demand unverified,2026-09-20,2026-10-04,Yes,0,4,0%,8.25,Recommended intent destination; separate exports do not establish a query-to-page relationship
messi vs ronaldo hat tricks,/hat-tricks,Primary,Informational comparison,Explore,High,High,P2,Hat-tricks,1,0,NEEDS USER INPUT,Saved GSC sample 2026-09-28; reporting period unknown,2026-09-20,2026-10-04,Yes,0,5,0%,9,Recommended intent destination; separate exports do not establish a query-to-page relationship
كم هاتريك لميسي ورونالدو,/ar/hat-tricks,Secondary,Informational question,Explore,Medium,Medium,P2,Messi; Ronaldo; hat-tricks,1,0,NEEDS USER INPUT,Saved GSC sample 2026-09-28; reporting period unknown,2026-09-20,2026-10-04,Yes,0,6,0%,8.83,Recommended intent destination; separate exports do not establish a query-to-page relationship
messi vs ronaldo trophies,/honours,Primary,Informational comparison,Explore,High,High,P1,Team honours; youth titles,,,NEEDS USER INPUT,Candidate from site topic and observed search intent; demand unverified,2026-09-20,2026-10-04,No row in supplied query table; demand unknown,,,,,Recommended intent destination; separate exports do not establish a query-to-page relationship
wie heeft meer prijzen messi of ronaldo,/nl/honours,Primary,Informational question,Explore,High,Medium,P2,Team trophies; individual awards,7,0,NEEDS USER INPUT,Saved GSC sample 2026-09-28; reporting period unknown,2026-09-20,2026-10-04,Yes,0,20,0%,7.55,Recommended intent destination; separate exports do not establish a query-to-page relationship
messi vs ronaldo ballon d'or,/ballon-dor,Primary,Informational comparison,Explore,High,High,P2,Ballon d’Or; completed editions,4,0,NEEDS USER INPUT,Saved GSC sample 2026-09-28; reporting period unknown,2026-09-20,2026-10-04,Yes,0,8,0%,8.75,Recommended intent destination; separate exports do not establish a query-to-page relationship
uefa men's player of the year award messi vs ronaldo,/uefa-awards,Primary,Informational comparison,Explore,Medium,Medium,P2,UEFA awards; series boundaries,3,0,NEEDS USER INPUT,Saved GSC sample 2026-09-28; reporting period unknown,2026-09-20,2026-10-04,Yes,0,9,0%,6,Recommended intent destination; separate exports do not establish a query-to-page relationship
laliga stats messi vs ronaldo,/la-liga,Primary,Informational comparison,Explore,High,High,P1,La Liga; full careers,5,0,NEEDS USER INPUT,Saved GSC sample 2026-09-28; reporting period unknown,2026-09-20,2026-10-04,Yes,0,17,0%,9,Recommended intent destination; separate exports do not establish a query-to-page relationship
who has more goals in laliga between messi and ronaldo,/la-liga,Secondary,Informational question,Explore,High,Medium,P1,La Liga; goals,5,0,NEEDS USER INPUT,Saved GSC sample 2026-09-28; reporting period unknown,2026-09-20,2026-10-04,Yes,0,11,0%,7.36,Recommended intent destination; separate exports do not establish a query-to-page relationship
2017 messi vs ronaldo stats,/seasons/2017,Primary,Informational comparison,Explore,High,Medium,P2,2017 calendar year,6,0,NEEDS USER INPUT,Saved GSC sample 2026-09-28; reporting period unknown,2026-09-20,2026-10-04,Yes,0,16,0%,7.56,Recommended intent destination; separate exports do not establish a query-to-page relationship
messi vs ronaldo 2012,/seasons/2012,Primary,Informational comparison,Explore,High,High,P2,2012 calendar year,4,0,NEEDS USER INPUT,Saved GSC sample 2026-09-28; reporting period unknown,2026-09-20,2026-10-04,Yes,0,19,0%,8.26,Recommended intent destination; separate exports do not establish a query-to-page relationship
messi 2012 vs ronaldo 2013,/insights/messi-2012-vs-ronaldo-2013-goals,Primary,Informational comparison,Understand,High,Medium,P1,Peak years; scoring rates,,,NEEDS USER INPUT,Candidate from site topic and observed search intent; demand unverified,2026-09-20,2026-10-04,No row in supplied query table; demand unknown,,,,,Recommended intent destination; separate exports do not establish a query-to-page relationship
messi vs ronaldo 2011 12 season,/club-stats/2011-2012,Primary,Informational comparison,Explore,High,Medium,P2,All club competitions; 2011/12,,,NEEDS USER INPUT,Candidate from site topic and observed search intent; demand unverified,2026-09-20,2026-10-04,No row in supplied query table; demand unknown,,,,,Recommended intent destination; separate exports do not establish a query-to-page relationship
messi vs ronaldo 2011 12 la liga,/seasons/2011-12,Primary,Informational comparison,Explore,Medium,Medium,P2,Shared Spanish season; La Liga,,,NEEDS USER INPUT,Candidate from site topic and observed search intent; demand unverified,2026-09-20,2026-10-04,No row in supplied query table; demand unknown,,,,,Recommended intent destination; separate exports do not establish a query-to-page relationship
messi vs ronaldo 2026 goals,/2026,Primary,Informational comparison,Return,High,High,P1,Current calendar year; cutoff,,,NEEDS USER INPUT,Candidate from site topic and observed search intent; demand unverified,2026-09-20,2026-10-04,No row in supplied query table; demand unknown,,,,,Recommended intent destination; separate exports do not establish a query-to-page relationship
عدد أهداف ميسي ورونالدو في مسيرتهم 2026,/ar/goals,Primary,Informational question,Explore,High,Medium,P1,Career totals; not only 2026 goals,8,0,NEEDS USER INPUT,Saved GSC sample 2026-09-28; reporting period unknown,2026-09-20,2026-10-04,Yes,1,34,2.94%,4.38,Recommended intent destination; separate exports do not establish a query-to-page relationship
مقارنة بين ميسي ورونالدو 2026,/ar/2026,Primary,Informational comparison,Explore,High,Medium,P1,2026 calendar year,4,0,NEEDS USER INPUT,Saved GSC sample 2026-09-28; reporting period unknown,2026-09-20,2026-10-04,Yes,0,40,0%,5.95,Recommended intent destination; separate exports do not establish a query-to-page relationship
messi vs ronaldo champions league goals,/champions-league,Primary,Informational comparison,Explore,High,High,P2,UEFA; main competition,,,NEEDS USER INPUT,Candidate from site topic and observed search intent; demand unverified,2026-09-20,2026-10-04,Yes,0,2,0%,24.5,Recommended intent destination; separate exports do not establish a query-to-page relationship
messi vs ronaldo world cup goals,/world-cup,Primary,Informational comparison,Explore,High,High,P2,FIFA World Cup; finals,,,NEEDS USER INPUT,Candidate from site topic and observed search intent; demand unverified,2026-09-20,2026-10-04,No row in supplied query table; demand unknown,,,,,Recommended intent destination; separate exports do not establish a query-to-page relationship
messi vs ronaldo international goals,/international,Primary,Informational comparison,Explore,High,High,P2,Argentina; Portugal; senior A matches,,,NEEDS USER INPUT,Candidate from site topic and observed search intent; demand unverified,2026-09-20,2026-10-04,Yes,0,1,0%,6,Recommended intent destination; separate exports do not establish a query-to-page relationship
messi vs ronaldo head to head,/head-to-head,Primary,Informational comparison,Explore,High,High,P2,Direct meetings; both players appeared,,,NEEDS USER INPUT,Candidate from site topic and observed search intent; demand unverified,2026-09-20,2026-10-04,No row in supplied query table; demand unknown,,,,,Recommended intent destination; separate exports do not establish a query-to-page relationship
messi career stats,/players/messi,Primary,Informational,Explore,High,Very high,P1,Lionel Messi; clubs; Argentina,,,NEEDS USER INPUT,Candidate from site topic and observed search intent; demand unverified,2026-09-20,2026-10-04,No row in supplied query table; demand unknown,,,,,Recommended intent destination; separate exports do not establish a query-to-page relationship
ronaldo career stats,/players/ronaldo,Primary,Informational,Explore,High,Very high,P1,Cristiano Ronaldo; clubs; Portugal,,,NEEDS USER INPUT,Candidate from site topic and observed search intent; demand unverified,2026-09-20,2026-10-04,No row in supplied query table; demand unknown,,,,,Recommended intent destination; separate exports do not establish a query-to-page relationship
messi golos,/pt/players/messi,Primary,Informational,Explore,High,High,P1,Lionel Messi; career goals,62,0,NEEDS USER INPUT,Saved GSC sample 2026-09-28; reporting period unknown,2026-09-20,2026-10-04,Yes,0,112,0%,10.59,Recommended intent destination; separate exports do not establish a query-to-page relationship
golos messi,/pt/players/messi,Secondary,Informational,Explore,High,High,P1,Lionel Messi,7,0,NEEDS USER INPUT,Saved GSC sample 2026-09-28; reporting period unknown,2026-09-20,2026-10-04,Yes,0,11,0%,10.64,Recommended intent destination; separate exports do not establish a query-to-page relationship
nombre de match joué par messi et ronaldo,/fr/compare,Primary,Informational question,Explore,High,Medium,P2,Appearances; minutes,3,3,NEEDS USER INPUT,Saved GSC sample 2026-09-28; reporting period unknown,2026-09-20,2026-10-04,Yes,3,3,100%,28,Recommended intent destination; separate exports do not establish a query-to-page relationship
messi vs ronaldo per 90 calculator,/scoring-calculator,Primary,Informational tool,Engage,High,Medium,P1,Minutes; appearances; rates,,,NEEDS USER INPUT,Candidate from site topic and observed search intent; demand unverified,2026-09-20,2026-10-04,No row in supplied query table; demand unknown,,,,,Recommended intent destination; separate exports do not establish a query-to-page relationship
how many games until ronaldo 1000 goals,/milestone-planner,Primary,Informational scenario,Engage,High,Medium,P2,1000 goals; assumed scoring rate,,,NEEDS USER INPUT,Candidate from site topic and observed search intent; demand unverified,2026-09-20,2026-10-04,No row in supplied query table; demand unknown,,,,,Recommended intent destination; separate exports do not establish a query-to-page relationship
messi ronaldo comparison poster maker,/comparison-posters,Primary,Tool action free export,Engage,Medium,Medium,P2,Comparison posters; statistics,,,NEEDS USER INPUT,Candidate from site topic and observed search intent; demand unverified,2026-09-20,2026-10-04,No row in supplied query table; demand unknown,,,,,Recommended intent destination; separate exports do not establish a query-to-page relationship
messi ronaldo football quiz,/football-quiz,Primary,Informational game,Engage,Medium,Medium,P3,Quiz; records,,,NEEDS USER INPUT,Candidate from site topic and observed search intent; demand unverified,2026-09-20,2026-10-04,No row in supplied query table; demand unknown,,,,,Recommended intent destination; separate exports do not establish a query-to-page relationship
calendar year vs football season stats,/seasons,Secondary,Informational problem,Understand,High,Medium,P1,Calendar year; club season; overlapping scope,,,NEEDS USER INPUT,Candidate from site topic and observed search intent; demand unverified,2026-09-20,2026-10-04,No row in supplied query table; demand unknown,,,,,Recommended intent destination; separate exports do not establish a query-to-page relationship
football goals per 90 meaning,/glossary#goals-per-90,Secondary,Informational definition,Understand,Medium,Medium,P2,Minutes; per-90 formula,,,NEEDS USER INPUT,Candidate from site topic and observed search intent; demand unverified,2026-09-20,2026-10-04,No row in supplied query table; demand unknown,,,,,Recommended intent destination; separate exports do not establish a query-to-page relationship
messi vs ronaldo stats,/,Secondary,Informational comparison,Explore,High,Very high,P2,Messi; Ronaldo; career statistics,,,NEEDS USER INPUT,Owner-supplied Search Console Queries.csv; supplied daily coverage 2026-09-20 through 2026-10-04,2026-09-20,2026-10-04,Yes,0,4,0%,72,Recommended intent destination; separate exports do not establish a query-to-page relationship
wanneer is ballon d or uitreiking 2026,/nl/insights/ballon-dor-2026-date-voting-rules,Primary,Informational question,Explore,High,Medium,P1,Ballon d’Or; ceremony; France Football,,,NEEDS USER INPUT,Owner-supplied Search Console Queries.csv; supplied daily coverage 2026-09-20 through 2026-10-04,2026-09-20,2026-10-04,Yes,0,233,0%,7.75,Recommended intent destination; separate exports do not establish a query-to-page relationship
wanneer is de ballon d or uitreiking 2026,/nl/insights/ballon-dor-2026-date-voting-rules,Secondary,Informational question,Explore,High,Medium,P1,Ballon d’Or; ceremony,,,NEEDS USER INPUT,Owner-supplied Search Console Queries.csv; supplied daily coverage 2026-09-20 through 2026-10-04,2026-09-20,2026-10-04,Yes,0,116,0%,8.4,Recommended intent destination; separate exports do not establish a query-to-page relationship
wanneer ballon d'or 2026,/nl/insights/ballon-dor-2026-date-voting-rules,Secondary,Informational question,Explore,High,Medium,P1,Ballon d’Or; ceremony,,,NEEDS USER INPUT,Owner-supplied Search Console Queries.csv; supplied daily coverage 2026-09-20 through 2026-10-04,2026-09-20,2026-10-04,Yes,0,51,0%,11.41,Recommended intent destination; separate exports do not establish a query-to-page relationship
ballon d'or 2026 datum,/nl/insights/ballon-dor-2026-date-voting-rules,Secondary,Informational question,Explore,High,Medium,P1,Ballon d’Or; ceremony,,,NEEDS USER INPUT,Owner-supplied Search Console Queries.csv; supplied daily coverage 2026-09-20 through 2026-10-04,2026-09-20,2026-10-04,Yes,0,14,0%,9.79,Recommended intent destination; separate exports do not establish a query-to-page relationship
les statistiques du ballon d'or 2026,/fr/insights/ballon-dor-2026-contenders-stats,Primary,Informational comparison,Explore,High,Medium,P1,Ballon d’Or; nominees; award period,,,NEEDS USER INPUT,Owner-supplied Search Console Queries.csv; supplied daily coverage 2026-09-20 through 2026-10-04,2026-09-20,2026-10-04,Yes,0,39,0%,8.54,Recommended intent destination; separate exports do not establish a query-to-page relationship
statistiques du ballon d'or 2026,/fr/insights/ballon-dor-2026-contenders-stats,Secondary,Informational comparison,Explore,High,Medium,P1,Ballon d’Or; nominees; award period,,,NEEDS USER INPUT,Owner-supplied Search Console Queries.csv; supplied daily coverage 2026-09-20 through 2026-10-04,2026-09-20,2026-10-04,Yes,0,37,0%,8.65,Recommended intent destination; separate exports do not establish a query-to-page relationship
statistiques ballon d'or 2026,/fr/insights/ballon-dor-2026-contenders-stats,Secondary,Informational comparison,Explore,High,Medium,P1,Ballon d’Or; nominees; award period,,,NEEDS USER INPUT,Owner-supplied Search Console Queries.csv; supplied daily coverage 2026-09-20 through 2026-10-04,2026-09-20,2026-10-04,Yes,0,32,0%,8.22,Recommended intent destination; separate exports do not establish a query-to-page relationship
ronaldo international assists,/international,Primary,Informational statistics,Explore,High,Medium,P1,Ronaldo; Portugal; assists; provider definition,,,NEEDS USER INPUT,Owner-supplied Search Console Queries.csv; supplied daily coverage 2026-09-20 through 2026-10-04,2026-09-20,2026-10-04,Yes,0,67,0%,9.4,Recommended intent destination; separate exports do not establish a query-to-page relationship
how many international assists does ronaldo have,/international,Secondary,Informational question,Explore,High,Medium,P1,Ronaldo; Portugal; assists; provider definition,,,NEEDS USER INPUT,Owner-supplied Search Console Queries.csv; supplied daily coverage 2026-09-20 through 2026-10-04,2026-09-20,2026-10-04,Yes,0,26,0%,7.85,Recommended intent destination; separate exports do not establish a query-to-page relationship
ronaldo total international assists,/international,Secondary,Informational statistics,Explore,High,Medium,P1,Ronaldo; Portugal; assists,,,NEEDS USER INPUT,Owner-supplied Search Console Queries.csv; supplied daily coverage 2026-09-20 through 2026-10-04,2026-09-20,2026-10-04,Yes,0,7,0%,9.71,Recommended intent destination; separate exports do not establish a query-to-page relationship
quantos golos tem messi e ronaldo,/pt/goals,Primary,Informational question,Explore,High,Medium,P1,Messi; Ronaldo; senior career goals,,,NEEDS USER INPUT,Owner-supplied Search Console Queries.csv; supplied daily coverage 2026-09-20 through 2026-10-04,2026-09-20,2026-10-04,Yes,0,48,0%,8.92,Recommended intent destination; separate exports do not establish a query-to-page relationship
golos de pênalti ronaldo vs messi,/pt/penalties,Primary,Informational comparison,Explore,High,Medium,P2,Messi; Ronaldo; penalty goals,,,NEEDS USER INPUT,Owner-supplied Search Console Queries.csv; supplied daily coverage 2026-09-20 through 2026-10-04,2026-09-20,2026-10-04,Yes,0,29,0%,8.07,Recommended intent destination; separate exports do not establish a query-to-page relationship
golos de messi e ronaldo na carreira,/pt/goals,Secondary,Informational statistics,Explore,High,Medium,P1,Messi; Ronaldo; senior career goals,,,NEEDS USER INPUT,Owner-supplied Search Console Queries.csv; supplied daily coverage 2026-09-20 through 2026-10-04,2026-09-20,2026-10-04,Yes,1,20,5%,10.2,Recommended intent destination; separate exports do not establish a query-to-page relationship
messi freistoßtore insgesamt,/de/free-kicks,Secondary,Informational statistics,Explore,High,Medium,P1,Messi; direct free kicks,,,NEEDS USER INPUT,Owner-supplied Search Console Queries.csv; supplied daily coverage 2026-09-20 through 2026-10-04,2026-09-20,2026-10-04,Yes,1,15,6.67%,6.33,Recommended intent destination; separate exports do not establish a query-to-page relationship
total de but de messi et ronaldo en europe,/fr/clubs,Secondary,Informational statistics,Explore,High,Medium,P2,Messi; Ronaldo; European clubs; competition scope,,,NEEDS USER INPUT,Owner-supplied Search Console Queries.csv; supplied daily coverage 2026-09-20 through 2026-10-04,2026-09-20,2026-10-04,Yes,2,27,7.41%,5.33,Provisional destination: Europe may mean European clubs or UEFA competitions. Check page-filtered queries before choosing a scope; separate exports do not establish a query-to-page relationship.
uefa best player award messi vs ronaldo,/uefa-awards,Secondary,Informational comparison,Explore,High,Medium,P2,UEFA; award series; Messi; Ronaldo,,,NEEDS USER INPUT,Owner-supplied Search Console Queries.csv; supplied daily coverage 2026-09-20 through 2026-10-04,2026-09-20,2026-10-04,Yes,0,18,0%,5.39,Recommended intent destination; separate exports do not establish a query-to-page relationship
messi vs ronaldo 2017,/seasons/2017,Secondary,Informational comparison,Explore,High,Medium,P2,Messi; Ronaldo; calendar year,,,NEEDS USER INPUT,Owner-supplied Search Console Queries.csv; supplied daily coverage 2026-09-20 through 2026-10-04,2026-09-20,2026-10-04,Yes,0,16,0%,12.62,Recommended intent destination; separate exports do not establish a query-to-page relationship
